{
  "lead_id": [
    "BJLJ04",
    "LCDQ01",
    "CXDQ02",
    "LKLS01",
    "GZDF03"
  ],
  "convert_rate": [
    0.5806451612903226,
    0.53125,
    0.46153846153846156,
    0.6896551724137931,
    0.5
  ],
  "exec_rate": [
    0.6326530612244898,
    0.6808510638297872,
    0.6190476190476191,
    0.6904761904761905,
    0.7333333333333333
  ],
  "exec_avg_value": [
    3485.4798627807218,
    -917.6168017661053,
    519.8708696594422,
    -2274.5851814494313,
    3067.8223515901414
  ],
  "exec_tot_value": [
    108049.87574620238,
    -29363.737656515368,
    13516.642611145497,
    -65962.9702620335,
    67492.09173498311
  ],
  "lead_names": [
    "白金临界",
    "理财到期",
    "储蓄到期",
    "老客流失",
    "工资代发"
  ],
  "lead_en_names": [
    "Baijinlinjie",
    "Licaidaoqi",
    "Chuxudaoqi",
    "churn prevention",
    "salary pay"
  ]
}